GeneID,PrimerSeq_F,PrimerSeq_R,PrimerLoc_F,PrimerLoc_R,GeneLength_no_padding,GeneLength_with_padding,Primer_coverage
gene_25438,AGCACGATAACGGAAGAGTAGT,AGGACTAGGAGGGAACAGCC,350.0,2610.0,1981.0,2981.0,2260.0
gene_4126,GAGATGGATCCAATGGAACCTTG,TGCAAGTCAGACTGAACCTCA,130.0,2719.0,1978.0,2978.0,2589.0
gene_21918,ACCTGTCACTGTGTCCATTTAAA,TACGCGTCGTTTGAGTGGAA,67.0,2599.0,1967.0,2967.0,2532.0
gene_16028,TGCTTTGGTCAAGAAAAAGGGA,TTTGTCCGGGTTGTGAGATT,340.0,2621.0,1964.0,2964.0,2281.0
gene_15264,CGCTTTTTTCTCGAGGTGGG,GGATTGACCCAAGTGAGTGG,262.0,2586.0,1944.0,2944.0,2324.0
gene_23804,CCTCCGAAGACAAACAAAGCA,CCCTCTCTTTCTCTGTGTCCC,373.0,2699.0,1930.0,2930.0,2326.0
gene_13159,TGGCATACAATGATGACCTCAT,CCCAGATCAGCCAGAATATTCT,346.0,2568.0,1911.0,2911.0,2222.0
gene_5202,TCCAATAATTCTCCGGTGGTG,CCTGTGGATCAGTTGAGCAAC,356.0,2649.0,1903.0,2903.0,2293.0
gene_29670,TGTCGTATGTGGGGGTCCAT,AGTGATCTCCGCCAAAACTT,186.0,2555.0,1882.0,2882.0,2369.0
gene_3677,GACGGGAGGAGTCTTCAATGA,GGTCAAGTATCTGGACGACGA,359.0,2792.0,1844.0,2844.0,2433.0
gene_27986,AGCGCCATCTGGGATCTTCC,CCGGAAAAGGGAGAACGTGA,368.0,2494.0,1841.0,2841.0,2126.0
gene_9077,CTCAGCAGTCCTGGTCTCATG,GCAATCCTTGTCTCTTGCAGT,129.0,2475.0,1819.0,2819.0,2346.0
gene_14417,TGACCCTCATAGCTGTGCTTTT,CCGAGTGGGTTGAGTATATGCA,193.0,2440.0,1792.0,2792.0,2247.0
gene_8103,TGTTGTGGACATCAAGAGACA,ATCAAAACTGGGAGGCTCC,204.0,2711.0,1772.0,2772.0,2507.0
gene_14641,GTTGTTAAAATCGGAATCGGGT,CACAGTGGCTGGGTTGTGAT,236.0,2401.0,1768.0,2768.0,2165.0
gene_29970,GCAGAGGGGGATAGGTGTTTT,CACGTCCTGGCATCCTAGAT,82.0,2383.0,1762.0,2762.0,2301.0
gene_10658,GGAAGGAAGGAAGAAAAAAGCTGT,CGATCTCTCGCCATGCTTCA,189.0,2402.0,1704.0,2704.0,2213.0
gene_3695,AACGTGGAAATCTCAGAGGAAT,CAAAGCACGCAAGCTCTGTG,107.0,2414.0,1693.0,2693.0,2307.0
gene_24108,ACCGACAACTAATAGGCCAAGT,AGAAAGAGGGAGAGGGACAG,60.0,2309.0,1690.0,2690.0,2249.0
gene_24912,CCCTGCCCAATAAACACCCTA,ACTGGAGGCCGAGTTGTG,308.0,2289.0,1672.0,2672.0,1981.0
gene_8674,CGAGCTAAACATGTGCGCAG,AGAAGAAAAAACGAAGGTGGGA,165.0,2290.0,1669.0,2669.0,2125.0
gene_25189,GTGATGATGATGACAGTCAGGATCA,CCAACCCAACCTGATACGAA,321.0,2467.0,1655.0,2655.0,2146.0
gene_25450,TTTGTGTGGATGTGCGATGC,AGCTCCTGAACGAACCTCAG,312.0,2294.0,1650.0,2650.0,1982.0
gene_30087,GCTCAGTGCTGAATTTGAAATACA,TGGAGTGGAGTGGAGTGGG,343.0,2307.0,1635.0,2635.0,1964.0
gene_24243,TTTCAAGTGGAATGGTCTGGC,CGCACATACCGTTGGGAAAG,260.0,2297.0,1618.0,2618.0,2037.0
gene_21994,CATGACATGCTCACAGGTGC,GCCAAAGGAATGTGGTTTTCC,362.0,2393.0,1601.0,2601.0,2031.0
gene_10819,ACTCAAAGTGAACCCGGGA,AGGCGGATCGGGGTTTAAAT,92.0,2302.0,1588.0,2588.0,2210.0
gene_17526,CATGTGCCCAAAACTGATCCA,TAGTGCGATTGTGGCCCTTG,358.0,2307.0,1584.0,2584.0,1949.0
gene_16487,CGTGATTCTTGGAGCCCATCTC,CGATGATCATCTAGGAGTGACCT,234.0,2217.0,1576.0,2576.0,1983.0
gene_20860,GTATGATCACCTCCCTTTCACC,GCTTGTGCTGCAACATGGT,351.0,2234.0,1559.0,2559.0,1883.0
gene_12076,AGAAGGCCGTTATAAGTCGTT,GCGCGACCGGAACATCTATC,348.0,2212.0,1555.0,2555.0,1864.0
gene_6038,TATCTTCCGTTTTCTCCCCCC,TGGGGAAGAAGAAGAAGATTCCA,213.0,2206.0,1547.0,2547.0,1993.0
gene_27070,TTCTTCATCGCCCCCCGTA,GCAATTTCAAGTGGGCTCTCG,327.0,2316.0,1544.0,2544.0,1989.0
gene_3548,TCATCCGGCATTTTTTGGAGA,GGGGGCACACCATACTCAAT,331.0,2076.0,1456.0,2456.0,1745.0
gene_3015,GCCCCACTCTCTGAGTTTGAT,ACACTCTCCGCAGCTCAG,379.0,2101.0,1456.0,2456.0,1722.0
gene_158,CCCTTGTGAGGATGTGGGAT,ACTTGACCGCATCTCGAACT,17.0,2077.0,1445.0,2445.0,2060.0
gene_27939,TCGTACCTTTTTTGTCGCGT,GAGTAGTTGGCTCTGGTCCG,164.0,2053.0,1434.0,2434.0,1889.0
gene_14296,GTCCGACTTTCTCGATCAGGA,TCGAGCCCGGTGCAAATAAA,168.0,2092.0,1427.0,2427.0,1924.0
gene_8755,AACCGGAAGAAAGAAGAAAGGAT,CACCGAACCCAATCTCACCA,353.0,2066.0,1422.0,2422.0,1713.0
gene_1602,CATTTCGTGTCGGGGTTGGT,TGGTCAACCAAGCAGAAGTGT,231.0,2030.0,1396.0,2396.0,1799.0
gene_9785,CCAAGGATGAAGGAAGGAAGTCA,CCATCAACAAGAGCAGGCTG,255.0,1965.0,1318.0,2318.0,1710.0
gene_9782,TTCCACTGAAAGGAATGTCCGT,GTCTGTGCAAGGCAGGGAA,309.0,2122.0,1307.0,2307.0,1813.0
gene_27271,TCTCATGAGAGCCGAGAGTT,CGTGAAGCGAGCTTGACTTT,231.0,1942.0,1302.0,2302.0,1711.0
gene_16646,TGATATTTTGTGGGTGGCTTCG,TACATCGCCGTCTCCAGGT,338.0,2007.0,1287.0,2287.0,1669.0
gene_15160,CATCTTCCTCTTGGGTGTGG,TTACAGGAGGATGCAGCCAG,110.0,1928.0,1254.0,2254.0,1818.0
gene_6480,ACGAGTGTTGAGTGTTGATGGG,TGTGTGTGAGGGTTAGAATGTGT,338.0,1782.0,1145.0,2145.0,1444.0
gene_16481,GGGACGAAAGCGGAAGAAAG,AGGAAAACACAAGTTCGGGA,344.0,1832.0,1144.0,2144.0,1488.0
gene_28288,CGCCAGGAAAACACAAGTTC,GGGACGAAAGCGGAAGAAAG,306.0,1800.0,1142.0,2142.0,1494.0
gene_11619,ACGTCACTGATCGATCATCTGA,AGAAGAAAGAGGTGCAAGCA,221.0,1777.0,1121.0,2121.0,1556.0
gene_1119,ATGTTTGAGCGGAATGTGGA,AAGGGTTTGCTGGGAGGT,147.0,2566.0,1920.0,2920.0,2419.0
gene_1322,CCCCGGGCTGGAATTCTTTA,GTGAGTGGTGATGGGAGAAGAA,376.0,2196.0,1474.0,2474.0,1820.0
gene_1414,ATCGTGAGCCCTTCTTGTGG,CACTGCCTCTGCGAATGA,352.0,2062.0,1299.0,2299.0,1710.0
gene_19084,CCTTGTTGAACATGTGACAGGT,CTACGTCTGTCGAGCGCATT,347.0,2194.0,1338.0,2338.0,1847.0
gene_24256,GTGTTCTCGATTCCCCTGGG,CAAGTACCCCAAACAAAAAACACAA,349.0,2068.0,1366.0,2366.0,1719.0
gene_24399,GCGCTGGTCACCTCCTTATA,CCCCTGTAGATGCTCTGAGCT,367.0,2396.0,1520.0,2520.0,2029.0
gene_25442,ACAGACCCGATCTTTGAGACT,TATCCTGCAGGCTGAGTCCA,378.0,2587.0,1922.0,2922.0,2209.0
gene_25475,TGAACGATACCGCACTAGAACA,TCTGGATGCTCAGGAAACCC,343.0,1990.0,1298.0,2298.0,1647.0
gene_30086,AACCCACAAGGAAGCTTCGG,ACAACTGCACAGCAAACTATGT,380.0,2413.0,1643.0,2643.0,2033.0
gene_6280,TTCCCAACCACACAGAAGAC,GGTGGTTCTGGTCAATAAATGCA,358.0,2521.0,1834.0,2834.0,2163.0
gene_760,ATTTGTTTGCTTTTGCCGTTC,TTTACAACTCGCCCCATCTCC,295.0,2209.0,1419.0,2419.0,1914.0
gene_7628,GGCGTTTATGTTTGCAGGTT,GGTCGACATAAGACGGGGTAA,273.0,2547.0,1741.0,2741.0,2274.0
gene_7639,GTCATGCAGGACAGTCCCC,TGTCCTTCTTCTGTTGTTAGTCA,366.0,2550.0,1831.0,2831.0,2184.0
gene_9724,GCGGATGTGAGATCGCTTCA,AACAGCTGACAAGTCTGAGC,293.0,2440.0,1799.0,2799.0,2147.0
gene_2088,AGGATGTTCCCATGCCAAGG,GACCAAGGTTGAGCTTGTATCT,848.0,3223.0,1705.0,3705.0,2375.0
gene_1126,ACACTTGAAGGACTCATTGCT,TTGTGCAGTTGGATGGTCCA,832.0,2936.0,1774.0,3774.0,2104.0
gene_7629,CTTACCCCGTCTTATGTCGACC,TTATCGATCGTCACTGCGGG,787.0,3078.0,1837.0,3837.0,2291.0
gene_24273,ATGTGGCTGTGTCAAAGTAGC,CCCGCCCTTGATGATAATGA,818.0,3089.0,1944.0,3944.0,2271.0
gene_3727,ACGCCGAACCTTGATTGGAATA,GTCATGACATAGCGATAACGAGC,,,,,
gene_3732,CTCGCCTATAGTCGGACGAATAA,AGCTTCGAGTTAGCTCTAGGAGA,,,,,
gene_11214,CGTCATCGAACAGTGACCAAATC,AGACGGTCAACTAGATATCCACTG,,,,,
gene_11876,CTCACCTGGCACCTCTTATCAC,GTGTGACCGGGTAATTTCTGTTG,,,,,
gene_15759,CGGAGTGCGATATAAAGTTCCAG,TTGGGACGATCATAATAAGTAGCCG,,,,,
gene_16877,CACAGCAGTCCACTGGCAATATA,GATCTCGAACTGATCCGGTTTGA,,,,,
gene_18581,CAATCCCAATCATCAACCCAACC,AGTCGCTTCCTGCAAGAACAAA,,,,,
gene_19566,AGTACCAATACTAGGAGCGACC,GTTTGGGTGGACCGAGAGC,,,,,
gene_20599,CCATAATTATCGAGCGGCCG,AACCGATCGAACTACTCAGTCAC,,,,,
gene_21007,CACCGTAGATGCAGTCAGCC,GGTGACGATTTGAGTCTGCG,,,,,
gene_22413,TCGGAGCGTATATTCTGCGAG,AATGCTATTCCAGGCCGGG,,,,,
gene_25665,GACCCGGAAGGTTGAGCC,TTCGACTCAGGGTATCTCTCCG,,,,,
gene_27340,AGGGAGAAGCTAACGACGAAATC,TACGACGATCTCCGGACGG,,,,,
gene_29781,ATAACACTGGCCGGAACTATACC,TTCATGGCTGAGTACTTGAGGAC,,,,,
gene_29998,CCAGCAATTCATCCTCCATTCAC,GGACTGACCAGCTTCTTTGAAAG,,,,,
gene_23840,ATTAGGGCATGCCATCTGACC,TCTGAAGCCTGTGACCTGAC,624.0,2399.0,1280.0,3280.0,1775.0
gene_25516,GGGGGCATTTTGGTGATCTTG,CACGCTCGATTTGAGGAGGA,694.0,2409.0,1284.0,3284.0,1715.0
gene_7950,GCGGTATATGCAATGCCCTG,GCTTCCATATCTCGACGCGA,821.0,2411.0,1289.0,3289.0,1590.0
gene_14041,GCTACTGAGACTTCGTCCGC,GGAAGGCTGTTCAATACTTGCA,163.0,2532.0,1408.0,3408.0,2369.0
gene_22265,ATGACTGGTACACGCTTGCG,AGTGCCAGAATTGTAGCATGG,748.0,2740.0,1427.0,3427.0,1992.0
gene_22265,ATGACTGGTACACGCTTGCG,AGTGCCAGAATTGTAGCATGG,748.0,2740.0,1427.0,3427.0,1992.0
gene_2178,GTGGTTTTTGGACTGAGCCG,TGAACACGCAAGCCAGAATT,827.0,2941.0,1429.0,3429.0,2114.0
gene_23422,GCGGATTGAATTAGGGCCCA,GCATCGCACTGCCATTAGGA,863.0,2673.0,1512.0,3512.0,1810.0
gene_7548,CGGTGTTTGAGTAGGTTCGGT,TCTGCTAGTTCCGCCATTTC,452.0,2650.0,1531.0,3531.0,2198.0
gene_5466,TTCAAAGCCAAGGCCGATTG,ACCCCATACCCCATGAAAAACA,359.0,2732.0,1533.0,3533.0,2373.0
gene_27559,CCAGGTGAACGATCGAAGCA,CCAGGCGGTACAGGTCAATA,862.0,2758.0,1545.0,3545.0,1896.0
gene_2476,GTGGAGTGCATAAAGGCTGC,GCTCCCTGCCCAAAATGTATG,750.0,2800.0,1573.0,3573.0,2050.0
gene_20660,GGTGACGAGCATATAAGCCCA,GGCAACGCGGGGAATATTTT,855.0,2763.0,1613.0,3613.0,1908.0
gene_20332,CCGCAAGTCTCATTCCCAGAT,GCGGACTACACATTGGTCGT,560.0,2766.0,1631.0,3631.0,2206.0
gene_2285,GGTCACACAGCAAATCAACGT,GGGTGCTGTCTTGATGGTGA,818.0,2805.0,1684.0,3684.0,1987.0
gene_4509,CCAGGCCAACTTTTCGTTCA,GGGAATAGGATGGAGCTGGA,792.0,2830.0,1711.0,3711.0,2038.0
gene_944,GCAAATGTCATGACACCAGCT,CCCAATCAATCCCCCAAACC,866.0,2967.0,1758.0,3758.0,2101.0
gene_2222,GCCAGCAGAAATTCAGCAACT,CCTCCCTGAAGGCGTGAAAA,801.0,2888.0,1763.0,3763.0,2087.0
gene_1471,GACCATGGATTCCCCTCGTT,ATCCTCACCCTTCCGACTCC,817.0,2894.0,1775.0,3775.0,2077.0
gene_19277,GCGGATATAGTCCCGGTGAG,CATTGGTGAACTGCATGCGG,857.0,2972.0,1814.0,3814.0,2115.0
gene_8228,TGGGCTCGATATCTGGTTCA,TCCCCCCCAACCTTTTTCTT,554.0,3106.0,1838.0,3838.0,2552.0
gene_5855,CGTACAAACGCCCGAAAAGG,AGTGTCTGCAATCGCAAACA,763.0,2668.0,1394.0,3394.0,1905.0
gene_19689,GGGCCTCCAACAGTCTGAAT,GCAGGGTCCTTATAGAACACCA,619.0,2617.0,1481.0,3481.0,1998.0
gene_15746,GGAATTCGCTCTGTTTTCGGA,GGAGGGTGTTTCTGGCTATGT,776.0,3236.0,1504.0,3504.0,2460.0
gene_4432,ACTTTTCAAAAGGGCATGCTGA,TGAGAGCTGGTTTGGACAAA,808.0,2716.0,1545.0,3545.0,1908.0
gene_2132,TGACTGGACGTGACTGCAAA,ACGCCTCAGCCCGGTATA,840.0,3284.0,1547.0,3547.0,2444.0
gene_19458,GGAATTACGCAAGCCAGGTG,GGAACAGTAAGCCCTCTCCT,866.0,2753.0,1574.0,3574.0,1887.0
gene_7260,CGTCCAGGAAAGCCATGAGC,ATTGATCATCACCCCCAGGAG,861.0,3401.0,1585.0,3585.0,2540.0
gene_13303,CCAGGGTCCGACAAAGAGAT,GTACGCCATTCACATCAGGC,873.0,3271.0,1609.0,3609.0,2398.0
gene_29384,ATTTCTCCAGGACTGCGCAA,GTGGGGGGTATCGGAGAGA,752.0,2970.0,1663.0,3663.0,2218.0
gene_13932,GGCTGGACTAGTGCTGTGAT,CCACCTTACAGAAGTGCATGT,880.0,3519.0,1714.0,3714.0,2639.0
gene_19204,CCCCCTCATTCTCGCTTAACT,GTGAGTTCCACTTCCACGCA,861.0,3441.0,1745.0,3745.0,2580.0
gene_23183,GCTCGAAGTTGTGTTGACCA,GGGAGAGCATTGGACAATCCT,845.0,3704.0,1881.0,3881.0,2859.0
gene_1093,CCAGGAATTGAGCCGTCGAA,TCCCATTGCTGGATCGTCCT,276.0,1996.0,877.0,2877.0,1720.0
gene_15619,TGACTCAAGAAACAAGCGTGG,GTGGGTGGTTGAAGGGAGAG,517.0,2342.0,1049.0,3049.0,1825.0
gene_17715,AGGCGACACGAGGATGAGAA,GCTGCTGCTTCCTCCTGA,795.0,2758.0,1641.0,3641.0,1963.0
gene_27391,GATGGGGAACTCAAAGCCCA,GTATTTTGATGCCGCGGAGA,839.0,2234.0,1115.0,3115.0,1395.0
gene_28182,CTCTGGCCAATGACCCCAA,ACCACCTTCCTTCGACTCATC,812.0,3473.0,2342.0,4342.0,2661.0
gene_3826,GTACCTTGTCATCGACACCG,ACTCGTCAGCTTGAGTGAGC,600.0,1652.0,294.0,2294.0,1052.0
gene_11990,AAAAACGCCGCATTCTTGGG,GCTTAGCGGTGTACAAGCAT,479.0,2608.0,1485.0,3485.0,2129.0
gene_12107,TCGCTACCACATCTTGCATG,CGTTGAACGGAACCTTGTCC,861.0,2633.0,1452.0,3452.0,1772.0
gene_12935,CGGATGAGACTGCTTGTCCT,CTATGCCCCTGTCAGGAGGT,777.0,2732.0,1606.0,3606.0,1955.0
gene_12969,GTGTCCCCTAGACTCATGACTC,ATCCCAGACGTTCCCCTCT,784.0,2519.0,1303.0,3303.0,1735.0
gene_25275,CGCTGCAGCATCATAGATCC,TCGCGGTATCTTCCCTCCC,658.0,2975.0,1824.0,3824.0,2317.0
gene_7839,CGCGTCCAACCATTGAGATG,TGGTCCAGATAAGCTGTTGC,734.0,2614.0,1478.0,3478.0,1880.0
gene_16463,ACCCCCAAAAGAATCGAGGC,CCCGAACCACCAATTCCCAG,725.0,2585.0,1466.0,3466.0,1860.0
gene_16847,CAGTCACCATGAGCTCATCA,TGAGGGAAGCAGAACGTCTG,667.0,3197.0,1989.0,3989.0,2530.0
gene_22349,CCCTTCCACACGAGTAAAAGC,CATTTATCCTGCGGGGGGAG,630.0,2373.0,1234.0,3234.0,1743.0
gene_22506,TGGCAGGTGTCGTTCTTTCA,CCCGTTGCTTGGAGATAGCA,650.0,1649.0,359.0,2359.0,999.0
gene_26852,TCTAACGCAGGAGTGAGAGGT,CCGATTGGACCATGTTGCCT,671.0,1680.0,510.0,2510.0,1009.0
gene_28234,CCCTGTCTGTCCCAGCTCTA,CCTCTCTCCTCCTCCCTGAA,856.0,2413.0,1238.0,3238.0,1557.0
gene_2829,GGGTAAAGTTTTGGCTGATCCC,AATCAGCCCAGACCATGTCG,857.0,2973.0,1721.0,3721.0,2116.0
gene_2965,ATTTCTGAGGTGCAGTAGGTACA,GGATTGACGTTGGTTTGCAA,721.0,3005.0,1792.0,3792.0,2284.0
gene_10937,TCAGGAAGAGCTTGTCGAGA,CGGCGATAGTTGTACGGAGT,866.0,2686.0,1526.0,3526.0,1820.0
gene_11632,ACTGGGGGGTCTTTGAAGAG,GTGTTCCCATAAACTCAAGCCA,873.0,3098.0,1921.0,3921.0,2225.0
gene_12384,TATCTGTGTGAGTCCTGCGG,AGTGAAGTTGCACGGAAGGC,876.0,2787.0,1547.0,3547.0,1911.0
gene_17164,GTGGGATTTCGCCAGAGTTT,GACCAGGAGAGTCAAGTGGA,372.0,2541.0,1322.0,3322.0,2169.0
gene_17976,TAGGCTTGACCCGACGAAAG,CCCGTGGGCTTGATATCTACC,816.0,2701.0,1574.0,3574.0,1885.0
gene_21376,TTGGCAAGGAGTGGAGTGAG,CCGCTATAAAGGCCTATCACGT,812.0,2470.0,1328.0,3328.0,1658.0
gene_23733,CACCCTTCTCTCTTTCCCCA,TCGCCATCGATGATGATGAAGA,693.0,2701.0,1467.0,3467.0,2008.0
gene_25139,CTCTAGTCACGTGCTGCCAG,AGTGTCGAGTTCCAAGATCGT,758.0,2610.0,1459.0,3459.0,1852.0
gene_9779,GCTTGGTTCCTCTGATGGCT,CGAGTTCATAGAAGAGGGGGG,809.0,2967.0,1779.0,3779.0,2158.0
gene_9939,CCCACTGGACTAGCACCAC,ACAAAAAAAAGGACCAAGGAGGA,829.0,2522.0,1396.0,3396.0,1693.0
gene_10807,ACTGCAGACCCCCAGTAAGG,TGACTGCCAAGCTACTATGGA,,,,,
gene_27168,GGCCACAAGGAATGAAAGTCTC,CCCGTCTAGCTGATTCGTCA,,,,,
gene_22438,GGAGCAGGGTGAAATGAAGA,GCAAGGCAGATCCAGACAGG,,,,,
gene_10034,TGAACCCGCTCGCTTAAAAT,CCCCCGAGTTACGCTTGTAA,,,,,
gene_2963,CCCAGTGCGGTCGAGAAG,GGTGTACGTTGTTCAGAGTGG,,,,,
gene_10289,TGTAAATAGTCTCCCGGGCTG,TCACAAAGACAAACCGCCATC,,,,,
gene_10396,GCCTTACAACTGGAGTCCCC,GTATCCCCAACACCCTCTCTC,,,,,
gene_10428,CAGGGTTTCAGACGACTTTGG,GCTGAGTGATGTTTACGCGG,,,,,
gene_10571,GAGTACCACTGTCGCAATCAC,CGAGAGATTTAACCGACGGC,,,,,
gene_11028,CTCACTCCTATCCCAGCGTTC,GCGTCTCTATACCTCCCATGG,,,,,
gene_11473,AAGTGGCCAAGACTTCATTGAC,GGGCGGGTGGATTAATTTGC,,,,,
gene_11956,TCTTTGCCCCTGTCTTACTAGG,CCGGGGACAATCTAATGCTTG,,,,,
gene_12146,ATTGCACTTGACATGACCCAG,GAAAGACAGGGCGATCGAATG,,,,,
gene_12775,GCCTGAAACGATGTGACTGTC,GTGACGGCGGATCCTAGATG,,,,,
gene_13162,ATTAGAATCCACCGGCCGAG,GAAGCCCATGATACACACACG,,,,,
gene_13184,TCAGCTGAGCAGACATACGG,ATGAACTGGCGGGAATCAAAC,,,,,
gene_13268,CGCTCTTAATCTCCTGCATGC,GCACAAGAGCATTAGTCAGACC,,,,,
gene_13280,TCTACTCAAACCCGCTTCGC,CTCTAGCTTAACCCGATCCCC,,,,,
gene_13748,CCTTGCAAGCGACCAGAAAC,GCCATACTAGTCTTTGCGCTG,,,,,
gene_13758,GCTGCAGGTCCCTCACTATAG,CCAGCTGTCAATCAAGGGAAC,,,,,
gene_13812,TGTTATTGGAGTTTGCTGGGG,TGGTTTGAGCTGTTGAGTGC,,,,,
gene_15023,GGTCTGCTTATCAACACGACTG,ACTTCAGATTCAGGCCGACG,,,,,
gene_15423,ACTGACTCTCTCAATCGGCG,AGTCCCTCTTGGCATACTGTC,,,,,
gene_15898,GTACAACTAATGGGGCGCAG,GGAGTCAAGAACATCAAGCCG,,,,,
gene_16162,GAGGGGCAGCGGGATTAATC,TGCCGGCAATCAATCTTAACTG,,,,,
gene_1659,CCGATGAATGGCTGTGTGAAC,CAGCGAAAGAAAACAAACAGGC,,,,,
gene_16750,CCTGTGCAATCCAAACGAGG,AAACATCACACTGTCAGCTCG,,,,,
gene_17186,TCCGACTGAACTCAATCCCC,TCTGTCAGCTGATTATGCACC,,,,,
gene_17367,CTTGACTCTTGAGCGAACCAG,GTACGCCCCAATCTGAAACTC,,,,,
gene_17386,GACGCGAACCTCAAGAAACC,CCCCACCCTGATCGATTGTC,,,,,
gene_17449,GCTTCAAGTGTGCAATTTCGC,GGTTCATCTCCTACGGCCAG,,,,,
gene_1750,TGGTTGTTGCATGTTCTTCGC,TTGGACGGATGTGAGCACTG,,,,,
gene_1766,TATCCGCCGACTCATGATACG,CTCACATCTGTTGACCATCGC,,,,,
gene_18025,CCCCACGCTAGTCAATCCAG,ATCCTTGACCAGTGCTCGTG,,,,,
gene_18247,CCACACGGTAACAACCATTCC,ATTCCGGGAATCTGTAATCGC,,,,,
gene_18315,ATTCTTTGGTCCTCAGGGTGG,CTTCCCCAGGACAGTCTTGAC,,,,,
gene_19130,CTTATCAGACACCGCGCAAC,GCCAATACCAATCTCATCCCC,,,,,
gene_19297,TCAAGAAAACCCTCCAGAGCC,TCCGACTGTTCATGGTAGCG,,,,,
gene_19977,ATGAGGGAAGGAATGATCGGTC,GAAGGCATGTGACGCTACTG,,,,,
gene_20214,GACTGATGAAGCCAAAGTGAGG,TACGTACGAAGAACTGGGCG,,,,,
gene_20838,ATTGACTGTAGCCCACCTCTG,CTGCACGCCAAGATCAAGAG,,,,,
gene_21422,GAATGCCTGGCTAAGTGGTTC,TGCGCGAAGTATGACCTGAC,,,,,
gene_21803,TGGTCGTGTATCCATTCCGG,CTATTCCCCGCATGCTGATC,,,,,
gene_21812,ACTGGTTTTAGCTGTCCCGAC,CGACCAGAGCGAAATTACACC,,,,,
gene_21857,GGTTGATCCTTCGAATCAGCG,CTCGACAGTTGTGATGTGCG,,,,,
gene_22029,TCTTTGCCCCTGTCTTACTAGG,CCGGGGACAATCTAATGCTTG,,,,,
gene_22099,CACGCGAGGAGAAAAGTACC,GGTGACTATCCTCCACTCTCC,,,,,
gene_22500,CAGCCAGGGTACACAGTCTC,AAAAGCGCAGAAGACAGTGTG,,,,,
gene_22504,TAAGCCCTCCGAAGCAAGTG,GCACGGATACAGAAAAGACTCG,,,,,
gene_22742,TCGGCGCTTTCTGGTTTTAC,GAATGCGACTGTCAACCCTC,,,,,
gene_23170,TGTCAACCTTACTTTCGTCGG,GAGTTTTGGTCCCACACTGC,,,,,
gene_23224,TATGTGTGTGAAGCTTGCGTG,ACTTGCTTCCGACTGTACAGG,,,,,
gene_23423,CGGAACTGTACAGGCCATTG,ATAGCTGCGCGGACATAGTC,,,,,
gene_23462,CGGACCTAGACAACTGGACTC,AGGTTGGCTTGTCATTGGATG,,,,,
gene_23603,TAGTATCAATGCTGCCTGGGG,AAGACCGGCATTGACATTCG,,,,,
gene_23767,CTGCTTTGCTGATCATCGTCC,GGGAGATTCAAGAAACTTGCCC,,,,,
gene_23811,GACATTTTCGATACCCACGGAG,CTATGACGCCACATCACACC,,,,,
gene_23816,CCAAGACAAGCCCTTTACACG,GTTACGACACAATGCAGGGAC,,,,,
gene_23834,ACTACACCAAGCGCGAAATTG,TCTACCATTTAGCCCTGCCC,,,,,
gene_24110,AAGTATCCGTCGCTTTCCCG,AGAGGGCTAGTGGATCGTTTG,,,,,
gene_24369,CATTCTGTCAACCGTCCAACC,CGCTTTGCCGTATGTTCGATC,,,,,
gene_24551,TGAGGCCTGAATCTACTGCG,TTCGTTTGTCTTAGGAGGTGGG,,,,,
gene_24813,AGGGTCCAATTACTCAGGCG,CCATAGCCACTATACTCTGACCC,,,,,
gene_25050,TTCAGGACTACACAGCTGACC,TACTACCCACCCCTTTCGAAC,,,,,
gene_25166,CCTCTCGAACCATCTCAGCG,TGCTCAACATTTTCTGGCTCG,,,,,
gene_25409,TGTTTGGACTAGAGCTCCCG,TGCCAGCCAAGTAGAGACAAC,,,,,
gene_25712,GCGGACGAGTTCTATCAAGAC,TTGAACCAGCCAGAACGAAC,,,,,
gene_25915,CAGATGCCAAACGGATGCTC,GTTTGAGTTGAGTTCGGGGTG,,,,,
gene_26068,TACCACGTTGAGTAGAGCGATC,AAGCTCTACCCAGACCATTCG,,,,,
gene_26206,GGTGCAAACAATCATCGTCCC,TCGGCAAGATTCCCCTATCG,,,,,
gene_26408,TTTTGCGATGTGTGAGTGTCTG,AGACAGTCTGTGCTCATGGG,,,,,
gene_26442,CACTTTGCACAAGAGTCGCG,AACGGCCCACATAGAACAAAC,,,,,
gene_26506,CGATCAAAGAACAGAGCCGAG,TGAGCGCACAAGTAAATCCG,,,,,
gene_26590,GACGCGAACCTCAAGAAACC,CCCCACCCTGATCGATTGTC,,,,,
gene_26651,TGCCGTTGAGTTCAGCAATC,AACGAGCTCAATCCCTCCTTC,,,,,
gene_2708,GGTCTGCGAATAACTCACCC,TGCCTGGTCGTAGTAGTACAC,,,,,
gene_27381,GGGTCTCGGTTGATTGAAAGC,GTCACCCCACTTATCGCTCG,,,,,
gene_28471,ACGGTCAAGATACGGCACAG,GGACCATGAAGACAAACACGG,,,,,
gene_28587,TCGCGGTATATTGACGAGGAC,GCTGTCCAAAGTGTCGGTAC,,,,,
gene_28938,TGAAAAGAGCAAGTTCCGGTG,TTCACCTGCCGAACCTTACC,,,,,
gene_28952,CTCTGACAAAGTTGAACCCGC,GTTCCAAAGACAAGCCCACAC,,,,,
gene_28976,CTTGCGCGACAGTCTTTCAG,GACTCTCGCAGACCAAAGTG,,,,,
gene_2910,GACGTCATACACAGCCAGAC,CGTTATTGCTCCCTGTTCTGG,,,,,
gene_29396,CTTGGTTGCTGGTGAACTCTG,TGGTAACCAGGGAATGAGGAAG,,,,,
gene_29399,TGGGGAGGCTGTCTGATTTG,CCTACTGGTTCTGACTGGGAC,,,,,
gene_29464,TCTCATTTTCGCCACGGATC,CCCACATTCGCATTCTCTGTC,,,,,
gene_29760,TCTCTCTTCATCTCGGGACCC,AGTCTGATGTCTCGAACCGC,,,,,
gene_29826,GACATTTTCGATACCCACGGAG,CTATGACGCCACATCACACC,,,,,
gene_29856,GGGCACAACTGAATCATGAGC,TGACTGGGAAATCTGCTGGAG,,,,,
gene_29906,GTCCGATTAGCTTGGCAAGTG,GAATTGTCACACAGCAGGCG,,,,,
gene_30056,TTTGTGAGCCTGTCCAGTCC,CGTGACAAACTCAAGCAGGTC,,,,,
gene_3337,ACGACGGTCAAACAACAATCC,CGGACAGACTCGGTGTACAC,,,,,
gene_3339,CAAAGGGGTGTGCGTGTAAG,GCTCAACTCTAAACTGCCCG,,,,,
gene_3425,GCCCTTGGGTTCTCAAAGATG,CTGACATCATCCACACCATTCG,,,,,
gene_3658,ATACGTCGTCCAGATCCCAAG,ACTAAAGGCCGATGGTCAGG,,,,,
gene_3932,ATTGGGTATACACTGCGGGG,GTGTCCACGCGCTTGTTATC,,,,,
gene_4218,GCTTGTCGAAGTGATGCGTC,GGGCCTCAGAACCACAGTAAG,,,,,
gene_4991,GCAACCAAGAGCTCAGAGAAAG,CTGGAGTAGAGAGATGGTGCG,,,,,
gene_520,GTTGTTCCATATCCCGGCATG,ATAAGGCCAGATCCGTCCAAG,,,,,
gene_5904,GATTGCCCTGTTTACCACTCG,TGAATATCTCTCGTGTCGGGC,,,,,
gene_5978,GGGCGCATACATCGTGATTC,AACTCTCGGTATGGCAGTGG,,,,,
gene_6227,TGACCGTTCAAGAGAGTAGCG,TCTCGTCGGTTGCAAATCTG,,,,,
gene_6512,CTCGTTGTATGACCATCGCTG,TGAGCTATCCATTCGCCCATC,,,,,
gene_6804,CAGCCAGGGTACACAGTCTC,AAAAGCGCAGAAGACAGTGTG,,,,,
gene_7018,TTGGTACGGCATAAGTCCCC,GGGTCCCGAAACTTTGTAGC,,,,,
gene_7064,GATGGATGGTTTGGCTCAGTG,AATGCTCTGCTGAACAACGTC,,,,,
gene_7069,GCGTAGATAGGTAGCAGCGG,CACAGTGCCAACCATATGCTC,,,,,
gene_7267,TAACCGGGTCAAATCGAGGTC,CCCAGTGTCATGCTTTTGTTC,,,,,
gene_7290,GGCAGTCTGGACCCTATGAC,CACAGCTAGCAGTTCAAACCC,,,,,
gene_7434,TGAGGGTTCTTGATCAGCAGG,AGGAGACGAAGATTTAGAGCCG,,,,,
gene_7490,ATTCTCTCACTTCGTAGCCCC,TGTGGTCTTACTCTGTGCCG,,,,,
gene_7796,CGTTGGCGTTAGACTGTCAC,TTTCAAGCAGCCTCAAAACCC,,,,,
gene_800,CCTCTCTAAATCCCTCACTCGC,GCCTGCCGGTAATTCAACTC,,,,,
gene_8226,TGCCGTTGAGTTCAGCAATC,AACGAGCTCAATCCCTCCTTC,,,,,
gene_8271,TTGATCTCGTGTGTACCCCTG,CCCCGACTCCCAACATAGATC,,,,,
gene_8300,ACTACACCAAGCGCGAAATTG,TCTACCATTTAGCCCTGCCC,,,,,
gene_8539,CCGACCATCATTTCTTCACTCC,GTTGGTTTCAGCATCCCCTTC,,,,,
gene_901,CCACTCCGCTATCTTCCGTAG,ACAGTGCCAAATTGTTCCGC,,,,,
gene_9071,GAGTGGTGAGAGAAGGTGACG,AGTGCTTATGGGCTTTGGTTG,,,,,
gene_9093,GTGGCCAATTGATGATCGCG,ACCTCCGACGACCATATTCC,,,,,
gene_9405,ACTACCATACCCGGCTTTGC,ATGAGAATAGAGTTGGGCGCG,,,,,
gene_9582,GGGCACAACTGAATCATGAGC,AGCTTCTCACTAAGGCTGACG,,,,,
gene_9613,GACGTGTATACCGGCGAAAC,GTACCGATCTGTCTGTCCGC,,,,,
gene_22011,TCATTTTCTCGTTAGTGTTGCGT,TTCCAGCCCATCTTGTAGCC,,,,,
gene_11781,GTGGCCGAGGATGGAAAACT,ACTCACCCTTCCCCCATCC,,,,,
gene_25217,GGGGGGATGTGTCTTTCGAT,TCCGCCAAAGAGAGACAATG,,,,,
gene_9962,TGAGATCTGCACTCTTGAGAGA,CTGGGCCAAAAGTTGTGCAA,,,,,
gene_21354,AGACCAACTCATCTCCGATGG,TCTCAGATATGGGCACATGCT,,,,,
gene_14665,ACTTAGCGCACTCACCTGC,ACATCGCCAGCTTGGTCAAT,,,,,
gene_25477,GGTGATGTTACCGATGATTGTCA,TGCTGCTATCTCTGGTGAACA,,,,,
gene_26505,CACCTGCCACCCAAGAGG,GGTTGCATCGGCGATCCTAT,,,,,
gene_14785,GCCCGAGCGGAAGTTAAGAA,TGTCAGTTTTTTGAGTGTGTAGATCC,,,,,
gene_7107,TTGATTGAGCGCGTGCATTC,CGACCAGGCCCTGTCAACTA,,,,,
gene_7283,GCTCAGCCGGTAAGTAGTTGA,CTCGTTCAAGAACACCTCATGT,,,,,
gene_2297,TGGGTGACGGAAAATCGGAC,AGAAAAGGTCAGTTGGTGTCCT,632.0,3083.0,1962.0,3962.0,2451.0
gene_4649,ACTCATCCACGCATCTTCTC,ATCTTGAGAGGCTTACGCGC,510.0,3126.0,2007.0,4007.0,2616.0
gene_20765,CACACACAATGACCTCCCCT,CTCGTCAGGCTACCCCAAA,277.0,2896.0,1201.0,3201.0,2619.0
gene_24274,GCGGAATGTGGTGGAGAAGA,TCAGGGGGTTTCAAGTGTGTTT,801.0,2797.0,1518.0,3518.0,1996.0
gene_15601,CGCTGGACTCCTTTGGGTTA,GCCATGTCCTTTGATTGCGAT,748.0,3395.0,1740.0,3740.0,2647.0
gene_12690,GCGACCAAGGTTCTCTCTCC,ATGTCTCCTTGAGTCCCGGC,822.0,3522.0,1769.0,3769.0,2700.0
gene_4637,GCGGAGTGGAGGTTCATTCA,TCACCTTGGACTGCACTACAT,858.0,2971.0,1770.0,3770.0,2113.0
gene_3881,CCAGCTCCCATGAGACACAT,GGGCGATGTTCCCCTTTCA,848.0,3560.0,1847.0,3847.0,2712.0
gene_9558,GGGGAATCCAAAGACATGGGT,TTGAGGAGGGGGAAAAGGAAA,834.0,3562.0,1863.0,3863.0,2728.0
gene_1594,AGCTGTAGGAAACTTGGCATCT,TGACGTACACAAAAGACTTCCAG,749.0,3621.0,2388.0,4388.0,2872.0
gene_7878,GCGCAAGTTTACCACACAACT,TGCCGTCGTTATCTATAGAAGCT,737.0,3604.0,2380.0,4380.0,2867.0
gene_3331,TGTGCTTGAGAAGAAAGATGGT,ACCTTGAATCAAATCAATCTCAAGAGT,696.0,3503.0,2273.0,4273.0,2807.0
gene_1493,CACTCGCTACTAGGCTGCC,CTCTTCCAGATGAAATACACCCA,750.0,3481.0,2258.0,4258.0,2731.0
gene_9539,ACTGCTGATCGAAGCCTACA,ACCTCATGGTCCAGGTATCT,771.0,3556.0,2194.0,4194.0,2785.0
gene_2949,CATCATTGCTTTAGTTTCTTGTAGTC,CTCAATTTTTAATGATTTTGGTCGGA,728.0,3437.0,2155.0,4155.0,2709.0
gene_2927,CTCAATTTTTAATGATTTTGGTCGGA,TCTCACACGCTTGCTTGG,715.0,3366.0,2133.0,4133.0,2651.0
gene_4932,TATTCCTTCATGGTTCAGCGAGA,CGGGTTTTTCGAGTAACTTTGGA,683.0,3485.0,2114.0,4114.0,2802.0
gene_18329,TGGACAGGCGATCTACTACA,GGTGGCCCAGCTACACAAG,717.0,3328.0,2088.0,4088.0,2611.0
gene_20937,CCCGCTTCTCTTCCTCTGC,GGGGCTAAGAACGTTGGATCT,723.0,3306.0,2076.0,4076.0,2583.0
gene_14949,AGTGAAAGTGGGCAGTGCTT,CGGTCGAACCTGATTTGGAA,744.0,3284.0,2059.0,4059.0,2540.0
gene_7280,GGCGACATGATTCTTCCAGA,GTGATGAAAATTCCCCGCCT,540.0,3252.0,2016.0,4016.0,2712.0
gene_9768,TGTCATTCTACACGCCTGAAA,TGTTTGAGCGGAATGTGGAT,777.0,3314.0,1988.0,3988.0,2537.0
gene_16853,CCCCCCAATATCGAAACCCA,CGTCATGCAGTTAGTTCAAGCA,474.0,3204.0,1954.0,3954.0,2730.0
gene_25175,TGTGACCGAGGATGGAAAACT,TTCTCCACTCTCCACTTGCC,754.0,3139.0,1919.0,3919.0,2385.0
gene_13925,CCCGTCTAGCTGATTCGTCA,GGCCACAAGGAATGAAAGTCTC,775.0,3162.0,1914.0,3914.0,2387.0
gene_18873,GCGTTGCAAGGAGACGAAAA,GCCCTAGATCTGTTTTGACGTG,594.0,3116.0,1887.0,3887.0,2522.0
gene_29739,GGACAAGCTTCAGGTTTCCT,CGGACCGCCAGTGTTTTTTC,602.0,3100.0,1871.0,3871.0,2498.0
gene_23723,CGCGAATGTAGGACAAGCTTA,CAACAGTGCGGGTTAATGCC,623.0,3103.0,1870.0,3870.0,2480.0
gene_4416,TCCCCACGTGTGATTTCAC,GCAGTGAACATCGTTGAGCT,244.0,3088.0,1869.0,3869.0,2844.0
gene_29070,GGACAGGCCCCAATCTTCG,CACTCCGGCTCCGATGAAG,733.0,3119.0,1851.0,3851.0,2386.0
gene_27287,TGGTTCGTGCTTGGTTCTTG,TCTAAGCCAGGCTTCGGC,765.0,3130.0,1839.0,3839.0,2365.0
gene_12774,CACTTCACTCAAAGCCATGGC,TGAGGATTCAACTCGTGGACT,702.0,3109.0,1823.0,3823.0,2407.0
gene_18537,AGGTCGAGAATTTGGGAGGAG,GCAACGCATATGAACGCCAC,779.0,3044.0,1798.0,3798.0,2265.0
gene_27623,GTACAAAGCCTCAAGTGCAGG,GGAACAGGAACACCGGAAGA,678.0,3008.0,1788.0,3788.0,2330.0
gene_19513,TGCTCTGGCGCTCCTACAA,GGAACAGGAACACCGGAAGA,736.0,3008.0,1788.0,3788.0,2272.0
gene_6269,ACACTGACATCATCACACCCC,GGCCATGAAGCCGATGTTG,742.0,3209.0,1766.0,3766.0,2467.0
gene_4585,GGTTGAAAAAAAGTTAACAAAAGCCA,GGACAACCAAAAGACTAGAATTGC,632.0,3360.0,1763.0,3763.0,2728.0
gene_18450,AATTGGAGCTGCAGAGGGAC,GCTTGTTCCACTCTCTTTCAACA,710.0,3252.0,1725.0,3725.0,2542.0
gene_22455,GCGGGATCCATGAGTTCTTG,ATAACAGAGTTCAGCCCCCG,703.0,2862.0,1639.0,3639.0,2159.0
gene_24053,GCGGGACTTGAATCACTTGA,GTACGAACTGGCGTTGGCT,552.0,2911.0,1634.0,3634.0,2359.0
gene_2466,TCGGATGTTGAATGGAGTCGA,ACATTGGCTGTTTCAAGGCG,758.0,2850.0,1630.0,3630.0,2092.0
gene_13024,TGCTGAAATCTGCTTCCCCC,CAGGGCCATCTGGTACTTCT,727.0,2824.0,1599.0,3599.0,2097.0
gene_16478,TTTTATCCACCTTCCCCAACA,TCTGCTGTGCTTGTTGACCA,662.0,2969.0,1585.0,3585.0,2307.0
gene_16233,CGGATCAAACAACCACGGTT,AAGGAGTGTTTACCAACCGG,569.0,2817.0,1566.0,3566.0,2248.0
gene_3300,TCCACTCCCATGGCTTCTTT,AAGGAGTGTTTACCAACCGG,494.0,2799.0,1562.0,3562.0,2305.0
gene_20599,CACGTGACACTTATTCCCCC,CGTTGCACATCTGGTCGAAG,663.0,2790.0,1554.0,3554.0,2127.0
gene_5593,CGCAGCTGAAAACATACGCA,TGAAGAATGGTCGAATCTGGGG,684.0,2774.0,1553.0,3553.0,2090.0
gene_19139,CAGTACAACATACGCCCGAGA,TGTTGAAGTGAAGTTGCACGG,753.0,2794.0,1548.0,3548.0,2041.0
gene_17761,TGACTAGCAGAGCTTCGCAG,CTGATGACAATCCCTCAGCC,699.0,2843.0,1531.0,3531.0,2144.0
gene_799,CGTTGCTAAACATCACTGGTCA,TGTTTTCCCCTCTTCTGGCC,733.0,2756.0,1530.0,3530.0,2023.0
gene_2434,CCTGATGACAATCCCTCAGCC,GCAGGAATGAGGTCGCCT,665.0,2794.0,1510.0,3510.0,2129.0
gene_30133,GAGCGAATTTACCGGTGCC,CGTGAGCTGCGATAACAGAA,606.0,2763.0,1493.0,3493.0,2157.0
gene_27887,AACACCACGTTCACACATCAG,AGGGAGACGGATCGAAGTCA,370.0,2750.0,1486.0,3486.0,2380.0
gene_28265,TGCCCTGGAACAAGTTGTCT,CCCATAGGAAAGTGGTTCTCCC,777.0,2741.0,1466.0,3466.0,1964.0
gene_12477,GGTTTGTGTAAGCCTGTGCA,GCCAGGGATTGTCAGCATTT,724.0,2762.0,1449.0,3449.0,2038.0
gene_11935,CCCATTGTTTTGGCCAGGGA,ACGTGAACACTTACCGTGACT,675.0,2750.0,1447.0,3447.0,2075.0
gene_13875,TCGAACAGGAACTCACTGGA,CAGCATAAGCAGCGGGAAC,780.0,2668.0,1418.0,3418.0,1888.0
gene_9368,TGAGGGACTATTGTGTGGTGTG,CCCGAATTGTGTGTCCAGGT,623.0,2693.0,1403.0,3403.0,2070.0
gene_23259,CCGATACCCGAACAGTGGTT,GGTTGAAGCAGTTACACTTGCA,589.0,2632.0,1403.0,3403.0,2043.0
gene_27553,CTCCATCCATCCCTCCGTCC,CACGAGTCGTTCTGTCTGGT,736.0,2646.0,1373.0,3373.0,1910.0
gene_12597,GATAGCTTCCTCTGGGTTGGT,GGGGATGGGGTCAGATGTTT,89.0,2590.0,1358.0,3358.0,2501.0
gene_10546,CCGAGTCCTCACTAACCCAC,TCCTTCTCCTCAAGCGACAA,517.0,2570.0,1340.0,3340.0,2053.0
gene_11450,GTGAGTGCTGTCCCAAAAGA,TCGCTACCACATCTTGCATG,745.0,2579.0,1317.0,3317.0,1834.0
gene_3882,ATGTGAAAGGGGAACATCGC,TGAGAGCACATTGGCTGGAT,247.0,2665.0,1311.0,3311.0,2418.0
gene_10465,GCCTGCTGGTTTCACATAAACA,ACGCACAATCTCACTGCTCA,635.0,2510.0,1285.0,3285.0,1875.0
gene_20393,CCTTCTCTTTTTGCCTTCTTCCC,CCTGCATCTCCTTGTTCATCTCT,770.0,2692.0,1281.0,3281.0,1922.0
gene_22602,GGTGTGTGCCAACAGAGGG,GGCAGAAAAAGGCAGGGAGA,539.0,2488.0,1262.0,3262.0,1949.0
gene_5421,TGCCTATCTTGGATTGCCTGC,TCGCCAATTACCCGCACATA,746.0,2472.0,1220.0,3220.0,1726.0
gene_6641,AAACCTCCGCTCGAAACGA,GGGTCATCGTGGGTGGTTT,675.0,2431.0,1213.0,3213.0,1756.0
gene_21753,GGCCCAACTTTCCCATCGAT,GGAAAGGAACAGGAGGAGTGA,698.0,2602.0,1148.0,3148.0,1904.0
gene_17575,TCCTTGGGATGGAAAGCACA,GCGTTGCACATCTGGTCG,494.0,2218.0,971.0,2971.0,1724.0
