GeneID,PrimerPair,PrimerSeq_F,PrimerLoc_F,PrimerSeq_R,PrimerLoc_R,GeneLength_no_padding,GeneLength_with_padding,Primer_coverage
gene_10807,4596,CAAGCTCTCCGATCTCCGTG,365,AGGAGCGCATGACAGCAT,2703,2001,3001,2338
gene_16992,6332,GGCTGGCAAAAAATCTACAGT,376,GGAGTGAGTCATCCGGAGA,2951,1997,2997,2575
gene_25438,8597,AGCACGATAACGGAAGAGTAGT,350,AGGACTAGGAGGGAACAGCC,2610,1981,2981,2260
gene_4126,5732,GAGATGGATCCAATGGAACCTTG,130,TGCAAGTCAGACTGAACCTCA,2719,1978,2978,2589
gene_21918,9741,ACCTGTCACTGTGTCCATTTAAA,67,TACGCGTCGTTTGAGTGGAA,2599,1967,2967,2532
gene_22011,9667,AGAAGGAGCCCCAAATGTGA,371,CGCTTCGGTTTGTATCTGCTTTT,2839,1967,2967,2468
gene_16028,2273,TGCTTTGGTCAAGAAAAAGGGA,340,TTTGTCCGGGTTGTGAGATT,2621,1964,2964,2281
gene_29097,9764,GTCCAGAGGAGCTTAATTTCGA,350,GCACACATAAAATGCGACGG,2678,1963,2963,2328
gene_15264,1359,CGCTTTTTTCTCGAGGTGGG,262,GGATTGACCCAAGTGAGTGG,2586,1944,2944,2324
gene_23804,9807,CCTCCGAAGACAAACAAAGCA,373,CCCTCTCTTTCTCTGTGTCCC,2699,1930,2930,2326
gene_25442,4183,ACAGACCCGATCTTTGAGACT,378,TATCCTGCAGGCTGAGTCCA,2587,1922,2922,2209
gene_1119,9379,ATGTTTGAGCGGAATGTGGA,147,AAGGGTTTGCTGGGAGGT,2566,1920,2920,2419
gene_13159,5856,TGGCATACAATGATGACCTCAT,346,CCCAGATCAGCCAGAATATTCT,2568,1911,2911,2222
gene_27168,3556,GCACAAACGCTTCATTATGGGT,363,CCTGGTTGACTGTGAACCCA,2612,1906,2906,2249
gene_5202,2964,TCCAATAATTCTCCGGTGGTG,356,CCTGTGGATCAGTTGAGCAAC,2649,1903,2903,2293
gene_29670,8076,TGTCGTATGTGGGGGTCCAT,186,AGTGATCTCCGCCAAAACTT,2555,1882,2882,2369
gene_7930,8235,GCCCAAGCTGGAATTCACTT,172,GTTCAGAGCAGGGAGGCC,2490,1872,2872,2318
gene_29585,9458,TCATCATCATCGTCTGGCCG,249,CTTGAATGAGAGCACCGAAATGT,2485,1850,2850,2236
gene_3677,4920,GACGGGAGGAGTCTTCAATGA,359,GGTCAAGTATCTGGACGACGA,2792,1844,2844,2433
gene_27986,3133,AGCGCCATCTGGGATCTTCC,368,CCGGAAAAGGGAGAACGTGA,2494,1841,2841,2126
gene_6280,8152,TTCCCAACCACACAGAAGAC,358,GGTGGTTCTGGTCAATAAATGCA,2521,1834,2834,2163
gene_7639,7010,GTCATGCAGGACAGTCCCC,366,TGTCCTTCTTCTGTTGTTAGTCA,2550,1831,2831,2184
gene_21356,7914,CGGACTGAGCAAAGACGCAT,272,CATGAACCCCCCTCCTCCG,2686,1826,2826,2414
gene_9077,4389,CTCAGCAGTCCTGGTCTCATG,129,GCAATCCTTGTCTCTTGCAGT,2475,1819,2819,2346
gene_22592,5535,AACAAGGTACAGGTCCAAAGT,326,AGCTGTATGATCGATCGGCG,2507,1799,2799,2181
gene_9724,9468,GCGGATGTGAGATCGCTTCA,293,AACAGCTGACAAGTCTGAGC,2440,1799,2799,2147
gene_14417,4311,TGACCCTCATAGCTGTGCTTTT,193,CCGAGTGGGTTGAGTATATGCA,2440,1792,2792,2247
gene_2124,7565,CCCAGCTCTGATCTCCAGGA,189,TTCTTGCCGGTGATCGCT,2451,1784,2784,2262
gene_8103,664,TGTTGTGGACATCAAGAGACA,204,ATCAAAACTGGGAGGCTCC,2711,1772,2772,2507
gene_14785,688,ACCGAATAAAAAAAGGGTCGTG,156,AGATGCATTCTTGTTTGTTGGT,2470,1770,2770,2314
gene_14641,8135,GTTGTTAAAATCGGAATCGGGT,236,CACAGTGGCTGGGTTGTGAT,2401,1768,2768,2165
gene_14386,8547,GGGGAGGCAAGAAGTAGTGG,275,GCTTTTAGTCATGTCTGGAAGGAC,2492,1764,2764,2217
gene_29970,1584,GCAGAGGGGGATAGGTGTTTT,82,CACGTCCTGGCATCCTAGAT,2383,1762,2762,2301
gene_22438,5161,CGTACGGGGGAACGGATAA,346,CAGTCATCTCCGGCAGCAG,2448,1756,2756,2102
gene_1288,8643,GACGGGATGAGAAGTTTCAGGA,272,ACTTGGATGGCATGCTCGAG,2441,1742,2742,2169
gene_14580,7005,AGCGACAAATGCGACGAAG,381,CTATCCAGATCCCCCTTGGC,2655,1742,2742,2274
gene_7628,7255,GGCGTTTATGTTTGCAGGTT,273,GGTCGACATAAGACGGGGTAA,2547,1741,2741,2274
gene_10658,9698,GGAAGGAAGGAAGAAAAAAGCTGT,189,CGATCTCTCGCCATGCTTCA,2402,1704,2704,2213
gene_3695,9622,AACGTGGAAATCTCAGAGGAAT,107,CAAAGCACGCAAGCTCTGTG,2414,1693,2693,2307
gene_24108,8355,ACCGACAACTAATAGGCCAAGT,60,AGAAAGAGGGAGAGGGACAG,2309,1690,2690,2249
gene_24912,6659,CCCTGCCCAATAAACACCCTA,308,ACTGGAGGCCGAGTTGTG,2289,1672,2672,1981
gene_8674,8378,CGAGCTAAACATGTGCGCAG,165,AGAAGAAAAAACGAAGGTGGGA,2290,1669,2669,2125
gene_25189,4140,GTGATGATGATGACAGTCAGGATCA,321,CCAACCCAACCTGATACGAA,2467,1655,2655,2146
gene_25450,389,TTTGTGTGGATGTGCGATGC,312,AGCTCCTGAACGAACCTCAG,2294,1650,2650,1982
gene_26623,6986,GGTGCGAGGGTTTTGAGAAAC,56,GCCAGTCTCTGCGTTTGAAA,2275,1644,2644,2219
gene_30086,5951,AACCCACAAGGAAGCTTCGG,380,ACAACTGCACAGCAAACTATGT,2413,1643,2643,2033
gene_30087,6055,GCTCAGTGCTGAATTTGAAATACA,343,TGGAGTGGAGTGGAGTGGG,2307,1635,2635,1964
gene_24243,2452,TTTCAAGTGGAATGGTCTGGC,260,CGCACATACCGTTGGGAAAG,2297,1618,2618,2037
gene_10034,2509,CAGTGTGCGGGTTTCCA,361,GTCTCATGGCAAATTAGTAGACATG,2488,1604,2604,2127
gene_21994,6308,CATGACATGCTCACAGGTGC,362,GCCAAAGGAATGTGGTTTTCC,2393,1601,2601,2031
gene_26266,8516,GCATCCGGGGGAGTTCATAA,1,TAACCCATCCATTCTCACGTT,2288,1593,2593,2287
gene_10819,9957,ACTCAAAGTGAACCCGGGA,92,AGGCGGATCGGGGTTTAAAT,2302,1588,2588,2210
gene_9659,4403,GCGCACAGGTTTTCAAGAGA,365,AACCCCCCGAGAAACAGGT,2297,1586,2586,1932
gene_17526,5007,CATGTGCCCAAAACTGATCCA,358,TAGTGCGATTGTGGCCCTTG,2307,1584,2584,1949
gene_16487,3997,CGTGATTCTTGGAGCCCATCTC,234,CGATGATCATCTAGGAGTGACCT,2217,1576,2576,1983
gene_18245,5166,TTTGGCCAGGGATAGTCAGT,240,TTTCAGCCCGACTCCGAG,2442,1575,2575,2202
gene_20860,6797,GTATGATCACCTCCCTTTCACC,351,GCTTGTGCTGCAACATGGT,2234,1559,2559,1883
gene_25355,9967,AGAGAAAAAGGGCAGCTCTT,197,TCTTACTCGACGGCCAAGC,2222,1556,2556,2025
gene_12076,7263,AGAAGGCCGTTATAAGTCGTT,348,GCGCGACCGGAACATCTATC,2212,1555,2555,1864
gene_6038,5340,TATCTTCCGTTTTCTCCCCCC,213,TGGGGAAGAAGAAGAAGATTCCA,2206,1547,2547,1993
gene_27070,3834,TTCTTCATCGCCCCCCGTA,327,GCAATTTCAAGTGGGCTCTCG,2316,1544,2544,1989
gene_14665,1725,ACCTTACCAGCCAGTTCATG,380,ATAGGACATCGCCAGCTTGG,2391,1543,2543,2011
gene_24399,6716,GCGCTGGTCACCTCCTTATA,367,CCCCTGTAGATGCTCTGAGCT,2396,1520,2520,2029
gene_25477,6481,TGTAGGAGAGAGAGAGATAGTATGT,303,TTGACTATACCCCCGGTGCC,2184,1518,2518,1881
gene_1322,6884,CCCCGGGCTGGAATTCTTTA,376,GTGAGTGGTGATGGGAGAAGAA,2196,1474,2474,1820
gene_3015,7593,GCCCCACTCTCTGAGTTTGAT,379,ACACTCTCCGCAGCTCAG,2101,1456,2456,1722
gene_3548,9425,TCATCCGGCATTTTTTGGAGA,331,GGGGGCACACCATACTCAAT,2076,1456,2456,1745
gene_158,1608,CCCTTGTGAGGATGTGGGAT,17,ACTTGACCGCATCTCGAACT,2077,1445,2445,2060
gene_27939,2399,TCGTACCTTTTTTGTCGCGT,164,GAGTAGTTGGCTCTGGTCCG,2053,1434,2434,1889
gene_14296,5768,GTCCGACTTTCTCGATCAGGA,168,TCGAGCCCGGTGCAAATAAA,2092,1427,2427,1924
gene_8755,7350,AACCGGAAGAAAGAAGAAAGGAT,353,CACCGAACCCAATCTCACCA,2066,1422,2422,1713
gene_760,7270,ATTTGTTTGCTTTTGCCGTTC,295,TTTACAACTCGCCCCATCTCC,2209,1419,2419,1914
gene_13280,5515,CCCAGCCCTCATCCATTCAT,314,ATTGGTGAACTGCATGCGGG,2065,1402,2402,1751
gene_1602,3844,CATTTCGTGTCGGGGTTGGT,231,TGGTCAACCAAGCAGAAGTGT,2030,1396,2396,1799
gene_24256,4770,GTGTTCTCGATTCCCCTGGG,349,CAAGTACCCCAAACAAAAAACACAA,2068,1366,2366,1719
gene_19084,1481,CCTTGTTGAACATGTGACAGGT,347,CTACGTCTGTCGAGCGCATT,2194,1338,2338,1847
gene_9785,8251,CCAAGGATGAAGGAAGGAAGTCA,255,CCATCAACAAGAGCAGGCTG,1965,1318,2318,1710
gene_9782,4804,TTCCACTGAAAGGAATGTCCGT,309,GTCTGTGCAAGGCAGGGAA,2122,1307,2307,1813
gene_27271,4723,TCTCATGAGAGCCGAGAGTT,231,CGTGAAGCGAGCTTGACTTT,1942,1302,2302,1711
gene_1414,6723,ATCGTGAGCCCTTCTTGTGG,352,CACTGCCTCTGCGAATGA,2062,1299,2299,1710
gene_25475,6912,TGAACGATACCGCACTAGAACA,343,TCTGGATGCTCAGGAAACCC,1990,1298,2298,1647
gene_16646,5472,TGATATTTTGTGGGTGGCTTCG,338,TACATCGCCGTCTCCAGGT,2007,1287,2287,1669
gene_15160,5435,CATCTTCCTCTTGGGTGTGG,110,TTACAGGAGGATGCAGCCAG,1928,1254,2254,1818
gene_2963,3232,TGAAATTGACTCGGGTGGGC,339,TCAAGATGGAGAGAGGAGGAA,1864,1244,2244,1525
gene_6480,9907,ACGAGTGTTGAGTGTTGATGGG,338,TGTGTGTGAGGGTTAGAATGTGT,1782,1145,2145,1444
gene_16481,9044,GGGACGAAAGCGGAAGAAAG,344,AGGAAAACACAAGTTCGGGA,1832,1144,2144,1488
gene_28288,4388,CGCCAGGAAAACACAAGTTC,306,GGGACGAAAGCGGAAGAAAG,1800,1142,2142,1494
gene_11619,6054,ACGTCACTGATCGATCATCTGA,221,AGAAGAAAGAGGTGCAAGCA,1777,1121,2121,1556
